<?xml version="1.0" encoding="UTF-8"?>
<project-private xmlns="http://www.netbeans.org/ns/project-private/1">
    <editor-bookmarks xmlns="http://www.netbeans.org/ns/editor-bookmarks/2" lastBookmarkId="1">
        <file>
            <url>src/schedulingapplication/DAO/DBAppointmentDao.java</url>
            <bookmark id="1">
                <name/>
                <line>28</line>
                <key/>
            </bookmark>
        </file>
    </editor-bookmarks>
    <open-files xmlns="http://www.netbeans.org/ns/projectui-open-files/2">
        <group>
            <file>file:/C:/Users/clply/Documents/GitHub/SchedulingApplication/SchedulingApplication/src/schedulingapplication/LoginPageFXMLController.java</file>
            <file>file:/C:/Users/clply/Documents/GitHub/SchedulingApplication/SchedulingApplication/src/schedulingapplication/UserLoginTracker.java</file>
            <file>file:/C:/Users/clply/Documents/GitHub/SchedulingApplication/SchedulingApplication/src/schedulingapplication/AppointmentPageController.java</file>
            <file>file:/C:/Users/clply/Documents/GitHub/SchedulingApplication/SchedulingApplication/src/schedulingapplication/AddAppointmentPage.fxml</file>
            <file>file:/C:/Users/clply/Documents/GitHub/SchedulingApplication/SchedulingApplication/src/schedulingapplication/DAO/DBAppointmentDao.java</file>
            <file>file:/C:/Users/clply/Documents/GitHub/SchedulingApplication/SchedulingApplication/src/schedulingapplication/Main.java</file>
            <file>file:/C:/Users/clply/Documents/GitHub/SchedulingApplication/SchedulingApplication/src/schedulingapplication/DAO/IAppointmentDao.java</file>
            <file>file:/C:/Users/clply/Documents/GitHub/SchedulingApplication/SchedulingApplication/src/schedulingapplication/DomainObjects/Appointment.java</file>
        </group>
    </open-files>
</project-private>
